,지역명,동,평균,승차건수
0,서울특별시 종로구 사직동,사직동,37.33333333,8017.0
1,서울특별시 종로구 삼청동,삼청동,11.66666667,63.0
2,서울특별시 종로구 부암동,부암동,42.16666667,196.0
3,서울특별시 종로구 평창동,평창동,67.66666667,1001.0
4,서울특별시 종로구 무악동,무악동,38.0,58.0
5,서울특별시 종로구 교남동,교남동,29.5,14716.0
6,서울특별시 종로구 가회동,가회동,15.66666667,6.0
7,서울특별시 종로구 종로1·2·3·4가동,종로1·2·3·4가동,44.83333333,40774.0
8,서울특별시 종로구 종로5·6가동,종로5·6가동,29.0,261.0
9,서울특별시 종로구 이화동,이화동,36.0,70883.0
10,서울특별시 종로구 창신1동,창신1동,30.16666667,383.0
11,서울특별시 종로구 창신2동,창신2동,65.33333333,0.0
12,서울특별시 종로구 창신3동,창신3동,30.33333333,0.0
13,서울특별시 종로구 숭인1동,숭인1동,25.66666667,0.0
14,서울특별시 종로구 숭인2동,숭인2동,54.0,190.0
15,서울특별시 종로구 청운효자동,청운효자동,114.83333329999999,28135.0
16,서울특별시 종로구 혜화동,혜화동,61.5,445.0
17,서울특별시 중구 소공동,소공동,5.166666667,257.0
18,서울특별시 중구 회현동,회현동,72.33333333,7988.0
19,서울특별시 중구 명동,명동,24.66666667,11691.0
20,서울특별시 중구 필동,필동,31.83333333,137.0
21,서울특별시 중구 장충동,장충동,23.0,526.0
22,서울특별시 중구 광희동,광희동,31.33333333,4727.0
23,서울특별시 중구 을지로동,을지로동,11.16666667,14.0
24,서울특별시 중구 신당5동,신당5동,47.83333333,95.0
25,서울특별시 중구 황학동,황학동,60.16666667,305.0
26,서울특별시 중구 중림동,중림동,76.5,82.0
27,서울특별시 중구 신당동,신당동,49.33333333,0.0
28,서울특별시 중구 다산동,다산동,74.33333333,0.0
29,서울특별시 중구 약수동,약수동,103.5,0.0
30,서울특별시 중구 청구동,청구동,70.66666667,0.0
31,서울특별시 중구 동화동,동화동,44.33333333,0.0
32,서울특별시 용산구 후암동,후암동,95.66666667,68.0
33,서울특별시 용산구 용산2가동,용산2가동,54.0,4.0
34,서울특별시 용산구 남영동,남영동,80.0,6749.0
35,서울특별시 용산구 원효로2동,원효로2동,63.5,26.0
36,서울특별시 용산구 효창동,효창동,40.33333333,2390.0
37,서울특별시 용산구 용문동,용문동,49.5,10.0
38,서울특별시 용산구 이촌1동,이촌1동,58.5,292.0
39,서울특별시 용산구 이촌2동,이촌2동,35.33333333,11.0
40,서울특별시 용산구 이태원1동,이태원1동,20.0,52.0
41,서울특별시 용산구 이태원2동,이태원2동,42.83333333,0.0
42,서울특별시 용산구 서빙고동,서빙고동,37.5,3685.0
43,서울특별시 용산구 보광동,보광동,89.0,169.0
44,서울특별시 용산구 청파동,청파동,121.0,163.0
45,서울특별시 용산구 원효로1동,원효로1동,59.5,11.0
46,서울특별시 용산구 한강로동,한강로동,73.33333333,16244.0
47,서울특별시 용산구 한남동,한남동,70.5,2206.0
48,서울특별시 성동구 왕십리2동,왕십리2동,69.83333333,411.0
49,서울특별시 성동구 마장동,마장동,98.83333333,19439.0
50,서울특별시 성동구 사근동,사근동,37.66666667,7778.0
51,서울특별시 성동구 행당1동,행당1동,57.83333333,3172.0
52,서울특별시 성동구 행당2동,행당2동,105.33333329999999,158.0
53,서울특별시 성동구 응봉동,응봉동,57.66666667,0.0
54,서울특별시 성동구 금호1가동,금호1가동,69.5,83.0
55,서울특별시 성동구 금호4가동,금호4가동,55.33333333,12.0
56,서울특별시 성동구 성수1가1동,성수1가1동,66.33333333,2239.0
57,서울특별시 성동구 성수1가2동,성수1가2동,50.16666667,210.0
58,서울특별시 성동구 성수2가1동,성수2가1동,88.33333333,28.0
59,서울특별시 성동구 성수2가3동,성수2가3동,49.33333333,361.0
60,서울특별시 성동구 송정동,송정동,52.33333333,146.0
61,서울특별시 성동구 용답동,용답동,69.33333333,107.0
62,서울특별시 성동구 왕십리도선동,왕십리도선동,114.83333329999999,27768.0
63,서울특별시 성동구 금호2·3가동,금호2·3가동,89.33333333,76.0
64,서울특별시 성동구 옥수동,옥수동,68.66666667,16.0
65,서울특별시 광진구 화양동,화양동,75.0,15649.0
66,서울특별시 광진구 군자동,군자동,76.0,437.0
67,서울특별시 광진구 중곡1동,중곡1동,65.83333333,19.0
68,서울특별시 광진구 중곡2동,중곡2동,87.5,1715.0
69,서울특별시 광진구 중곡3동,중곡3동,84.33333333,374.0
70,서울특별시 광진구 중곡4동,중곡4동,143.16666669999998,1225.0
71,서울특별시 광진구 능동,능동,43.83333333,420.0
72,서울특별시 광진구 구의1동,구의1동,100.33333329999999,2115.0
73,서울특별시 광진구 구의2동,구의2동,123.16666670000001,57517.0
74,서울특별시 광진구 구의3동,구의3동,69.0,10417.0
75,서울특별시 광진구 광장동,광장동,80.5,120.0
76,서울특별시 광진구 자양1동,자양1동,111.66666670000001,616.0
77,서울특별시 광진구 자양2동,자양2동,90.16666667,115.0
78,서울특별시 광진구 자양3동,자양3동,83.5,1261.0
79,서울특별시 광진구 자양4동,자양4동,96.66666667,199.0
80,서울특별시 동대문구 회기동,회기동,30.0,21383.0
81,서울특별시 동대문구 휘경1동,휘경1동,64.33333333,209.0
82,서울특별시 동대문구 휘경2동,휘경2동,89.66666667,37492.0
83,서울특별시 동대문구 청량리동,청량리동,136.66666669999998,2000.0
84,서울특별시 동대문구 용신동,용신동,137.66666669999998,0.0
85,서울특별시 동대문구 제기동,제기동,143.33333330000002,0.0
86,서울특별시 동대문구 전농1동,전농1동,155.5,4.0
87,서울특별시 동대문구 전농2동,전농2동,83.66666667,12576.0
88,서울특별시 동대문구 답십리1동,답십리1동,116.33333329999999,63.0
89,서울특별시 동대문구 답십리2동,답십리2동,155.83333330000002,707.0
90,서울특별시 동대문구 장안1동,장안1동,145.33333330000002,2169.0
91,서울특별시 동대문구 장안2동,장안2동,101.83333329999999,595.0
92,서울특별시 동대문구 이문1동,이문1동,112.83333329999999,0.0
93,서울특별시 동대문구 이문2동,이문2동,106.83333329999999,123.0
94,서울특별시 중랑구 면목2동,면목2동,129.5,506.0
95,서울특별시 중랑구 면목4동,면목4동,116.0,719.0
96,서울특별시 중랑구 면목5동,면목5동,54.16666667,18.0
97,서울특별시 중랑구 면목7동,면목7동,116.0,35.0
98,서울특별시 중랑구 상봉1동,상봉1동,144.66666669999998,10152.0
99,서울특별시 중랑구 상봉2동,상봉2동,104.33333329999999,5212.0
100,서울특별시 중랑구 중화1동,중화1동,79.5,458.0
101,서울특별시 중랑구 중화2동,중화2동,166.66666669999998,1072.0
102,서울특별시 중랑구 묵1동,묵1동,144.5,17307.0
103,서울특별시 중랑구 묵2동,묵2동,90.33333333,186.0
104,서울특별시 중랑구 망우3동,망우3동,105.66666670000001,5.0
105,서울특별시 중랑구 신내1동,신내1동,184.66666669999998,62834.0
106,서울특별시 중랑구 신내2동,신내2동,129.3333333,13015.0
107,서울특별시 중랑구 면목본동,면목본동,180.5,703.0
108,서울특별시 중랑구 면목3·8동,면목3·8동,133.5,32950.0
109,서울특별시 중랑구 망우본동,망우본동,167.5,17695.0
110,서울특별시 성북구 돈암1동,돈암1동,70.66666667,42.0
111,서울특별시 성북구 돈암2동,돈암2동,76.0,143.0
112,서울특별시 성북구 안암동,안암동,63.5,13012.0
113,서울특별시 성북구 보문동,보문동,67.83333333,466.0
114,서울특별시 성북구 정릉1동,정릉1동,75.0,76.0
115,서울특별시 성북구 정릉2동,정릉2동,100.16666670000001,65.0
116,서울특별시 성북구 정릉3동,정릉3동,79.83333333,147.0
117,서울특별시 성북구 정릉4동,정릉4동,106.5,102.0
118,서울특별시 성북구 길음1동,길음1동,117.83333329999999,41509.0
119,서울특별시 성북구 길음2동,길음2동,55.5,5647.0
120,서울특별시 성북구 월곡1동,월곡1동,120.66666670000001,4060.0
121,서울특별시 성북구 월곡2동,월곡2동,99.16666667,20819.0
122,서울특별시 성북구 장위1동,장위1동,116.83333329999999,1006.0
123,서울특별시 성북구 장위2동,장위2동,75.16666667,667.0
124,서울특별시 성북구 장위3동,장위3동,72.83333333,17.0
125,서울특별시 성북구 성북동,성북동,82.66666667,118.0
126,서울특별시 성북구 삼선동,삼선동,107.5,6862.0
127,서울특별시 성북구 동선동,동선동,94.66666667,805.0
128,서울특별시 성북구 종암동,종암동,151.33333330000002,13101.0
129,서울특별시 성북구 석관동,석관동,195.33333330000002,4345.0
130,서울특별시 강북구 번1동,번1동,117.0,2575.0
131,서울특별시 강북구 번2동,번2동,139.5,32743.0
132,서울특별시 강북구 번3동,번3동,193.33333330000002,38672.0
133,서울특별시 강북구 수유1동,수유1동,201.33333330000002,3462.0
134,서울특별시 강북구 수유2동,수유2동,128.3333333,4630.0
135,서울특별시 강북구 수유3동,수유3동,125.83333329999999,4120.0
136,서울특별시 강북구 삼양동,삼양동,185.66666669999998,2225.0
137,서울특별시 강북구 미아동,미아동,135.5,1219.0
138,서울특별시 강북구 송중동,송중동,160.66666669999998,13285.0
139,서울특별시 강북구 송천동,송천동,172.66666669999998,4914.0
140,서울특별시 강북구 삼각산동,삼각산동,148.0,18378.0
141,서울특별시 강북구 우이동,우이동,104.33333329999999,2336.0
142,서울특별시 강북구 인수동,인수동,188.16666669999998,85260.0
143,서울특별시 도봉구 쌍문1동,쌍문1동,125.0,6344.0
144,서울특별시 도봉구 쌍문2동,쌍문2동,111.16666670000001,1091.0
145,서울특별시 도봉구 쌍문3동,쌍문3동,87.5,18216.0
146,서울특별시 도봉구 쌍문4동,쌍문4동,68.33333333,283.0
147,서울특별시 도봉구 방학1동,방학1동,139.66666669999998,21080.0
148,서울특별시 도봉구 방학2동,방학2동,138.0,166.0
149,서울특별시 도봉구 방학3동,방학3동,97.83333333,4720.0
150,서울특별시 도봉구 창1동,창1동,105.5,14773.0
151,서울특별시 도봉구 창2동,창2동,146.83333330000002,636.0
152,서울특별시 도봉구 창3동,창3동,85.0,575.0
153,서울특별시 도봉구 창4동,창4동,105.83333329999999,11986.0
154,서울특별시 도봉구 창5동,창5동,109.0,4789.0
155,서울특별시 도봉구 도봉1동,도봉1동,151.0,4756.0
156,서울특별시 도봉구 도봉2동,도봉2동,156.5,46596.0
157,서울특별시 노원구 월계1동,월계1동,91.83333333,16777.0
158,서울특별시 노원구 월계2동,월계2동,203.66666669999998,44518.0
159,서울특별시 노원구 월계3동,월계3동,192.0,36457.0
160,서울특별시 노원구 공릉2동,공릉2동,150.16666669999998,17298.0
161,서울특별시 노원구 하계1동,하계1동,190.83333330000002,132641.0
162,서울특별시 노원구 하계2동,하계2동,108.5,4365.0
163,서울특별시 노원구 중계본동,중계본동,67.5,1408.0
164,서울특별시 노원구 중계1동,중계1동,78.5,11400.0
165,서울특별시 노원구 중계4동,중계4동,147.66666669999998,18949.0
166,서울특별시 노원구 상계1동,상계1동,236.16666669999998,35463.0
167,서울특별시 노원구 상계2동,상계2동,87.16666667,38468.0
168,서울특별시 노원구 상계5동,상계5동,145.5,370.0
169,서울특별시 노원구 상계8동,상계8동,97.0,72.0
170,서울특별시 노원구 상계9동,상계9동,77.33333333,105.0
171,서울특별시 노원구 상계10동,상계10동,51.33333333,478.0
172,서울특별시 노원구 상계3·4동,상계3·4동,178.5,17776.0
173,서울특별시 노원구 상계6·7동,상계6·7동,141.0,137882.0
174,서울특별시 노원구 중계2·3동,중계2·3동,321.6666667,54306.0
175,서울특별시 노원구 공릉1동,공릉1동,213.66666669999998,0.0
176,서울특별시 은평구 녹번동,녹번동,165.33333330000002,2476.0
177,서울특별시 은평구 불광1동,불광1동,207.83333330000002,2622.0
178,서울특별시 은평구 갈현1동,갈현1동,126.83333329999999,243.0
179,서울특별시 은평구 갈현2동,갈현2동,138.5,1356.0
180,서울특별시 은평구 구산동,구산동,148.16666669999998,46107.0
181,서울특별시 은평구 대조동,대조동,155.16666669999998,2954.0
182,서울특별시 은평구 응암1동,응암1동,139.66666669999998,6058.0
183,서울특별시 은평구 응암2동,응암2동,93.33333333,19798.0
184,서울특별시 은평구 신사1동,신사1동,141.5,19408.0
185,서울특별시 은평구 신사2동,신사2동,97.16666667,181.0
186,서울특별시 은평구 증산동,증산동,78.5,594.0
187,서울특별시 은평구 수색동,수색동,78.83333333,76.0
188,서울특별시 은평구 진관동,진관동,212.66666669999998,31688.0
189,서울특별시 은평구 불광2동,불광2동,182.5,1256.0
190,서울특별시 은평구 응암3동,응암3동,147.0,3546.0
191,서울특별시 은평구 역촌동,역촌동,224.66666669999998,93565.0
192,서울특별시 서대문구 천연동,천연동,85.16666667,335.0
193,서울특별시 서대문구 홍제1동,홍제1동,100.16666670000001,0.0
194,서울특별시 서대문구 홍제3동,홍제3동,97.0,0.0
195,서울특별시 서대문구 홍제2동,홍제2동,76.33333333,0.0
196,서울특별시 서대문구 홍은1동,홍은1동,106.33333329999999,258.0
197,서울특별시 서대문구 홍은2동,홍은2동,138.83333330000002,23277.0
198,서울특별시 서대문구 남가좌1동,남가좌1동,49.33333333,421.0
199,서울특별시 서대문구 남가좌2동,남가좌2동,104.5,15778.0
200,서울특별시 서대문구 북가좌1동,북가좌1동,76.5,20.0
201,서울특별시 서대문구 북가좌2동,북가좌2동,156.83333330000002,5341.0
202,서울특별시 서대문구 충현동,충현동,94.16666667,7125.0
203,서울특별시 서대문구 북아현동,북아현동,60.66666667,7630.0
204,서울특별시 서대문구 신촌동,신촌동,53.33333333,131782.0
205,서울특별시 서대문구 연희동,연희동,143.0,59257.0
206,서울특별시 마포구 용강동,용강동,67.33333333,29.0
207,서울특별시 마포구 대흥동,대흥동,48.0,14160.0
208,서울특별시 마포구 염리동,염리동,63.33333333,6.0
209,서울특별시 마포구 신수동,신수동,72.33333333,3.0
210,서울특별시 마포구 서교동,서교동,95.83333333,12519.0
211,서울특별시 마포구 합정동,합정동,67.16666667,248.0
212,서울특별시 마포구 망원1동,망원1동,100.0,12918.0
213,서울특별시 마포구 망원2동,망원2동,87.5,5789.0
214,서울특별시 마포구 연남동,연남동,71.0,11.0
215,서울특별시 마포구 성산1동,성산1동,78.83333333,8774.0
216,서울특별시 마포구 성산2동,성산2동,216.33333330000002,86697.0
217,서울특별시 마포구 상암동,상암동,131.5,57579.0
218,서울특별시 마포구 도화동,도화동,98.83333333,832.0
219,서울특별시 마포구 서강동,서강동,70.83333333,408.0
220,서울특별시 마포구 공덕동,공덕동,188.33333330000002,2928.0
221,서울특별시 마포구 아현동,아현동,75.0,845.0
222,서울특별시 양천구 목1동,목1동,71.5,7442.0
223,서울특별시 양천구 목2동,목2동,118.83333329999999,350.0
224,서울특별시 양천구 목3동,목3동,74.0,587.0
225,서울특별시 양천구 목4동,목4동,94.83333333,599.0
226,서울특별시 양천구 신월1동,신월1동,127.0,629.0
227,서울특별시 양천구 신월2동,신월2동,103.33333329999999,44.0
228,서울특별시 양천구 신월3동,신월3동,89.66666667,73.0
229,서울특별시 양천구 신월4동,신월4동,66.16666667,70.0
230,서울특별시 양천구 신월5동,신월5동,81.16666667,111.0
231,서울특별시 양천구 신월6동,신월6동,23.16666667,76.0
232,서울특별시 양천구 신월7동,신월7동,108.33333329999999,1632.0
233,서울특별시 양천구 신정1동,신정1동,65.33333333,0.0
234,서울특별시 양천구 신정2동,신정2동,48.5,483.0
235,서울특별시 양천구 신정3동,신정3동,217.66666669999998,50325.0
236,서울특별시 양천구 신정6동,신정6동,52.5,36516.0
237,서울특별시 양천구 신정7동,신정7동,135.16666669999998,11364.0
238,서울특별시 양천구 목5동,목5동,67.83333333,24838.0
239,서울특별시 양천구 신정4동,신정4동,176.83333330000002,8231.0
240,서울특별시 강서구 염창동,염창동,117.33333329999999,1331.0
241,서울특별시 강서구 등촌1동,등촌1동,73.16666667,217.0
242,서울특별시 강서구 등촌2동,등촌2동,62.0,16.0
243,서울특별시 강서구 등촌3동,등촌3동,361.6666667,59109.0
244,서울특별시 강서구 화곡본동,화곡본동,142.0,526.0
245,서울특별시 강서구 화곡2동,화곡2동,87.16666667,32.0
246,서울특별시 강서구 화곡3동,화곡3동,91.33333333,80.0
247,서울특별시 강서구 화곡4동,화곡4동,98.5,66.0
248,서울특별시 강서구 화곡6동,화곡6동,106.5,3123.0
249,서울특별시 강서구 화곡8동,화곡8동,111.0,255.0
250,서울특별시 강서구 가양1동,가양1동,85.5,28081.0
251,서울특별시 강서구 가양2동,가양2동,193.0,42223.0
252,서울특별시 강서구 가양3동,가양3동,136.16666669999998,8666.0
253,서울특별시 강서구 발산1동,발산1동,146.16666669999998,17834.0
254,서울특별시 강서구 공항동,공항동,99.66666667,4334.0
255,서울특별시 강서구 방화1동,방화1동,193.83333330000002,58474.0
256,서울특별시 강서구 방화2동,방화2동,149.16666669999998,22194.0
257,서울특별시 강서구 방화3동,방화3동,177.16666669999998,18609.0
258,서울특별시 강서구 화곡1동,화곡1동,257.8333333,1887.0
259,서울특별시 강서구 우장산동,우장산동,140.5,11648.0
260,서울특별시 구로구 신도림동,신도림동,105.5,1908.0
261,서울특별시 구로구 구로1동,구로1동,66.5,0.0
262,서울특별시 구로구 구로3동,구로3동,103.16666670000001,8633.0
263,서울특별시 구로구 구로4동,구로4동,156.5,797.0
264,서울특별시 구로구 구로5동,구로5동,125.83333329999999,34629.0
265,서울특별시 구로구 고척1동,고척1동,99.5,5463.0
266,서울특별시 구로구 고척2동,고척2동,140.5,547.0
267,서울특별시 구로구 개봉2동,개봉2동,146.83333330000002,347.0
268,서울특별시 구로구 개봉3동,개봉3동,102.33333329999999,48.0
269,서울특별시 구로구 오류1동,오류1동,117.33333329999999,274.0
270,서울특별시 구로구 오류2동,오류2동,201.16666669999998,23610.0
271,서울특별시 구로구 수궁동,수궁동,103.16666670000001,12597.0
272,서울특별시 구로구 가리봉동,가리봉동,86.16666667,240.0
273,서울특별시 구로구 구로2동,구로2동,159.83333330000002,19950.0
274,서울특별시 구로구 개봉1동,개봉1동,166.16666669999998,8521.0
275,서울특별시 금천구 가산동,가산동,70.33333333,565.0
276,서울특별시 금천구 독산1동,독산1동,200.33333330000002,18547.0
277,서울특별시 금천구 독산2동,독산2동,91.5,71.0
278,서울특별시 금천구 독산3동,독산3동,131.5,2989.0
279,서울특별시 금천구 독산4동,독산4동,88.83333333,124.0
280,서울특별시 금천구 시흥1동,시흥1동,172.83333330000002,2332.0
281,서울특별시 금천구 시흥2동,시흥2동,111.33333329999999,525.0
282,서울특별시 금천구 시흥3동,시흥3동,49.5,5.0
283,서울특별시 금천구 시흥4동,시흥4동,125.33333329999999,78.0
284,서울특별시 금천구 시흥5동,시흥5동,135.5,40.0
285,서울특별시 영등포구 여의동,여의동,92.16666667,66371.0
286,서울특별시 영등포구 당산1동,당산1동,103.83333329999999,3668.0
287,서울특별시 영등포구 당산2동,당산2동,119.83333329999999,269.0
288,서울특별시 영등포구 양평1동,양평1동,77.5,1856.0
289,서울특별시 영등포구 양평2동,양평2동,62.5,832.0
290,서울특별시 영등포구 신길1동,신길1동,96.16666667,125.0
291,서울특별시 영등포구 신길3동,신길3동,91.33333333,341.0
292,서울특별시 영등포구 신길4동,신길4동,57.0,79.0
293,서울특별시 영등포구 신길5동,신길5동,57.5,88.0
294,서울특별시 영등포구 신길6동,신길6동,84.33333333,249.0
295,서울특별시 영등포구 신길7동,신길7동,60.16666667,435.0
296,서울특별시 영등포구 대림1동,대림1동,86.16666667,1482.0
297,서울특별시 영등포구 대림2동,대림2동,61.16666667,22.0
298,서울특별시 영등포구 대림3동,대림3동,118.5,27800.0
299,서울특별시 영등포구 영등포본동,영등포본동,130.1666667,1042.0
300,서울특별시 영등포구 영등포동,영등포동,107.83333329999999,64450.0
301,서울특별시 영등포구 도림동,도림동,111.66666670000001,324.0
302,서울특별시 영등포구 문래동,문래동,91.16666667,1032.0
303,서울특별시 동작구 노량진2동,노량진2동,83.83333333,60.0
304,서울특별시 동작구 상도1동,상도1동,209.16666669999998,7905.0
305,서울특별시 동작구 상도2동,상도2동,98.0,1888.0
306,서울특별시 동작구 상도3동,상도3동,109.16666670000001,73.0
307,서울특별시 동작구 상도4동,상도4동,135.16666669999998,84.0
308,서울특별시 동작구 사당1동,사당1동,94.5,7.0
309,서울특별시 동작구 사당3동,사당3동,72.16666667,53.0
310,서울특별시 동작구 사당4동,사당4동,70.66666667,5.0
311,서울특별시 동작구 사당5동,사당5동,55.0,16.0
312,서울특별시 동작구 대방동,대방동,160.0,13694.0
313,서울특별시 동작구 신대방1동,신대방1동,79.5,3506.0
314,서울특별시 동작구 신대방2동,신대방2동,67.16666667,61963.0
315,서울특별시 동작구 흑석동,흑석동,117.16666670000001,16669.0
316,서울특별시 동작구 노량진1동,노량진1동,132.8333333,1649.0
317,서울특별시 동작구 사당2동,사당2동,116.83333329999999,117.0
318,서울특별시 관악구 보라매동,보라매동,126.83333329999999,39583.0
319,서울특별시 관악구 청림동,청림동,78.66666667,175.0
320,서울특별시 관악구 행운동,행운동,118.5,1019.0
321,서울특별시 관악구 낙성대동,낙성대동,48.5,858.0
322,서울특별시 관악구 중앙동,중앙동,71.33333333,86.0
323,서울특별시 관악구 인헌동,인헌동,91.66666667,52.0
324,서울특별시 관악구 남현동,남현동,53.66666667,5.0
325,서울특별시 관악구 서원동,서원동,113.33333329999999,4695.0
326,서울특별시 관악구 신원동,신원동,93.33333333,292.0
327,서울특별시 관악구 서림동,서림동,94.0,239.0
328,서울특별시 관악구 신사동,신사동,110.16666670000001,620.0
329,서울특별시 관악구 신사동,신사동,110.16666670000001,620.0
330,서울특별시 강남구 신사동,신사동,31.83333333,620.0
331,서울특별시 강남구 신사동,신사동,31.83333333,620.0
332,서울특별시 관악구 신림동,신림동,89.66666667,528.0
333,서울특별시 관악구 난향동,난향동,77.0,768.0
334,서울특별시 관악구 조원동,조원동,88.83333333,6.0
335,서울특별시 관악구 대학동,대학동,86.5,495.0
336,서울특별시 관악구 은천동,은천동,199.16666669999998,10819.0
337,서울특별시 관악구 성현동,성현동,171.83333330000002,3339.0
338,서울특별시 관악구 청룡동,청룡동,114.5,1512.0
339,서울특별시 관악구 난곡동,난곡동,189.33333330000002,973.0
340,서울특별시 관악구 삼성동,삼성동,132.8333333,8550.0
341,서울특별시 관악구 미성동,미성동,154.83333330000002,1355.0
342,서울특별시 서초구 서초1동,서초1동,44.83333333,30520.0
343,서울특별시 서초구 서초2동,서초2동,40.66666667,146.0
344,서울특별시 서초구 서초3동,서초3동,83.33333333,5913.0
345,서울특별시 서초구 서초4동,서초4동,45.83333333,261.0
346,서울특별시 서초구 잠원동,잠원동,66.5,900.0
347,서울특별시 서초구 반포본동,반포본동,18.0,0.0
348,서울특별시 서초구 반포1동,반포1동,64.0,20.0
349,서울특별시 서초구 반포2동,반포2동,30.5,18.0
350,서울특별시 서초구 반포3동,반포3동,33.0,324.0
351,서울특별시 서초구 반포4동,반포4동,37.83333333,20313.0
352,서울특별시 서초구 방배본동,방배본동,60.0,15.0
353,서울특별시 서초구 방배1동,방배1동,62.66666667,0.0
354,서울특별시 서초구 방배2동,방배2동,92.33333333,796.0
355,서울특별시 서초구 방배3동,방배3동,65.66666667,96.0
356,서울특별시 서초구 방배4동,방배4동,105.16666670000001,644.0
357,서울특별시 서초구 양재1동,양재1동,197.0,27600.0
358,서울특별시 서초구 양재2동,양재2동,69.5,2261.0
359,서울특별시 서초구 내곡동,내곡동,104.83333329999999,9165.0
360,서울특별시 강남구 논현1동,논현1동,88.5,321.0
361,서울특별시 강남구 논현2동,논현2동,63.16666667,237.0
362,서울특별시 강남구 삼성1동,삼성1동,26.33333333,3727.0
363,서울특별시 강남구 삼성2동,삼성2동,68.0,77.0
364,서울특별시 강남구 대치1동,대치1동,31.16666667,167.0
365,서울특별시 강남구 대치4동,대치4동,39.33333333,35.0
366,서울특별시 강남구 역삼1동,역삼1동,84.66666667,20953.0
367,서울특별시 강남구 역삼2동,역삼2동,74.5,48.0
368,서울특별시 강남구 도곡1동,도곡1동,41.33333333,18604.0
369,서울특별시 강남구 도곡2동,도곡2동,49.83333333,13.0
370,서울특별시 강남구 개포1동,개포1동,40.16666667,0.0
371,서울특별시 강남구 개포4동,개포4동,58.33333333,28.0
372,서울특별시 강남구 일원본동,일원본동,43.5,13884.0
373,서울특별시 강남구 일원1동,일원1동,102.66666670000001,25414.0
374,서울특별시 강남구 일원2동,일원2동,118.66666670000001,9720.0
375,서울특별시 강남구 수서동,수서동,213.66666669999998,37678.0
376,서울특별시 강남구 세곡동,세곡동,204.33333330000002,40896.0
377,서울특별시 강남구 압구정동,압구정동,51.66666667,353.0
378,서울특별시 강남구 청담동,청담동,71.33333333,217.0
379,서울특별시 강남구 대치2동,대치2동,63.66666667,636.0
380,서울특별시 강남구 개포2동,개포2동,48.83333333,38.0
381,서울특별시 송파구 풍납1동,풍납1동,80.16666667,18.0
382,서울특별시 송파구 풍납2동,풍납2동,78.0,51504.0
383,서울특별시 송파구 거여1동,거여1동,69.83333333,1242.0
384,서울특별시 송파구 거여2동,거여2동,91.16666667,1157.0
385,서울특별시 송파구 마천1동,마천1동,127.66666670000001,305.0
386,서울특별시 송파구 마천2동,마천2동,125.0,1811.0
387,서울특별시 송파구 방이1동,방이1동,47.83333333,5.0
388,서울특별시 송파구 방이2동,방이2동,82.66666667,6559.0
389,서울특별시 송파구 오륜동,오륜동,27.33333333,3829.0
390,서울특별시 송파구 오금동,오금동,133.1666667,11659.0
391,서울특별시 송파구 송파1동,송파1동,88.5,44.0
392,서울특별시 송파구 송파2동,송파2동,53.83333333,5.0
393,서울특별시 송파구 석촌동,석촌동,96.33333333,826.0
394,서울특별시 송파구 삼전동,삼전동,98.83333333,202.0
395,서울특별시 송파구 가락본동,가락본동,75.5,11261.0
396,서울특별시 송파구 가락1동,가락1동,17.16666667,8.0
397,서울특별시 송파구 가락2동,가락2동,111.66666670000001,5.0
398,서울특별시 송파구 문정1동,문정1동,50.66666667,9.0
399,서울특별시 송파구 문정2동,문정2동,42.5,2807.0
400,서울특별시 송파구 장지동,장지동,139.33333330000002,29508.0
401,서울특별시 송파구 위례동,위례동,62.33333333,0.0
402,서울특별시 송파구 잠실본동,잠실본동,87.16666667,439.0
403,서울특별시 송파구 잠실4동,잠실4동,46.5,5.0
404,서울특별시 송파구 잠실6동,잠실6동,43.0,1463.0
405,서울특별시 송파구 잠실7동,잠실7동,23.83333333,459.0
406,서울특별시 송파구 잠실2동,잠실2동,68.5,2743.0
407,서울특별시 송파구 잠실3동,잠실3동,81.5,1867.0
408,서울특별시 강동구 강일동,강일동,163.33333330000002,26055.0
409,서울특별시 강동구 상일동,상일동,54.0,36149.0
410,서울특별시 강동구 명일1동,명일1동,74.33333333,8850.0
411,서울특별시 강동구 명일2동,명일2동,55.0,166.0
412,서울특별시 강동구 고덕1동,고덕1동,71.33333333,37948.0
413,서울특별시 강동구 고덕2동,고덕2동,58.83333333,77.0
414,서울특별시 강동구 암사2동,암사2동,59.5,31.0
415,서울특별시 강동구 암사3동,암사3동,44.16666667,7.0
416,서울특별시 강동구 천호1동,천호1동,138.5,1467.0
417,서울특별시 강동구 천호3동,천호3동,144.0,1947.0
418,서울특별시 강동구 성내1동,성내1동,69.83333333,611.0
419,서울특별시 강동구 성내2동,성내2동,109.5,2933.0
420,서울특별시 강동구 성내3동,성내3동,90.16666667,923.0
421,서울특별시 강동구 둔촌1동,둔촌1동,15.33333333,0.0
422,서울특별시 강동구 둔촌2동,둔촌2동,86.66666667,45155.0
423,서울특별시 강동구 암사1동,암사1동,186.83333330000002,5349.0
424,서울특별시 강동구 천호2동,천호2동,202.0,21089.0
425,서울특별시 강동구 길동,길동,211.66666669999998,32718.0
426,서울특별시 구로구 항동,항동,49.0,0.0
427,0,공릉1·3동,0.0,24625.0
428,0,신설동,0.0,7535.0
429,0,용두동,0.0,6931.0
430,0,답십리3동,0.0,3350.0
431,0,홍2동,0.0,1625.0
432,0,별내면,0.0,1561.0
433,0,자금동,0.0,1401.0
434,0,이문3동,0.0,1363.0
435,0,풍산동,0.0,1268.0
436,0,홍1동,0.0,979.0
437,0,홍3동,0.0,583.0
438,0,양촌면,0.0,568.0
439,0,장안3동,0.0,527.0
440,0,과천동,0.0,415.0
441,0,제기2동,0.0,400.0
442,0,답십리4동,0.0,393.0
443,0,장항2동,0.0,382.0
444,0,신당1동,0.0,325.0
445,0,갈매동,0.0,321.0
446,0,송내1동,0.0,308.0
447,0,장암동,0.0,259.0
448,0,성곡동,0.0,245.0
449,0,송산1동,0.0,226.0
450,0,대화동,0.0,221.0
451,0,흥도동,0.0,213.0
452,0,동구동,0.0,207.0
453,0,제기1동,0.0,189.0
454,0,전농3동,0.0,173.0
455,0,백석1동,0.0,166.0
456,0,구미1동,0.0,156.0
457,0,고양동,0.0,145.0
458,0,백석2동,0.0,139.0
459,0,신곡2동,0.0,133.0
460,0,문원동,0.0,126.0
461,0,장안4동,0.0,116.0
462,0,진접읍,0.0,108.0
463,0,철산3동,0.0,99.0
464,0,대곶면,0.0,98.0
465,0,소사동,0.0,93.0
466,0,상3동,0.0,88.0
467,0,야탑3동,0.0,84.0
468,0,교문1동,0.0,83.0
469,0,금곡동,0.0,78.0
470,0,김포2동,0.0,74.0
471,0,송산2동,0.0,74.0
472,0,송산동,0.0,69.0
473,0,감북동,0.0,66.0
474,0,신당4동,0.0,64.0
475,0,야탑1동,0.0,64.0
476,0,성남동,0.0,63.0
477,0,퇴계원면,0.0,60.0
478,0,하안3동,0.0,60.0
479,0,복정동,0.0,60.0
480,0,소하2동,0.0,57.0
481,0,수택3동,0.0,55.0
482,0,고촌면,0.0,54.0
483,0,월곶면,0.0,53.0
484,0,사우동,0.0,52.0
485,0,신당3동,0.0,52.0
486,0,탄현동,0.0,52.0
487,0,비산3동,0.0,50.0
488,0,소하1동,0.0,49.0
489,0,창릉동,0.0,46.0
490,0,호원1동,0.0,39.0
491,0,춘의동,0.0,37.0
492,0,신장2동,0.0,37.0
493,0,화정1동,0.0,36.0
494,0,풍무동,0.0,31.0
495,0,김포1동,0.0,29.0
496,0,하안1동,0.0,26.0
497,0,송포동,0.0,26.0
498,0,고봉동,0.0,25.0
499,0,의정부2동,0.0,24.0
500,0,오남읍,0.0,24.0
501,0,화도읍,0.0,24.0
502,0,녹양동,0.0,20.0
503,0,하안2동,0.0,19.0
504,0,서현1동,0.0,18.0
505,0,행주동,0.0,18.0
506,0,광명5동,0.0,16.0
507,0,조안면,0.0,15.0
508,0,오정동,0.0,15.0
509,0,일산2동,0.0,13.0
510,0,정자1동,0.0,13.0
511,0,철산2동,0.0,12.0
512,0,마두1동,0.0,12.0
513,0,식사동,0.0,12.0
514,0,와부읍,0.0,11.0
515,0,신당6동,0.0,11.0
516,0,도당동,0.0,11.0
517,0,덕풍2동,0.0,10.0
518,0,신곡1동,0.0,10.0
519,0,범계동,0.0,10.0
520,0,수택1동,0.0,9.0
521,0,장흥면,0.0,9.0
522,0,영종동,0.0,8.0
523,0,상2동,0.0,8.0
524,0,신도동,0.0,7.0
525,0,중3동,0.0,7.0
526,0,삼평동,0.0,7.0
527,0,의정부3동,0.0,7.0
528,0,회천2동,0.0,6.0
529,0,학온동,0.0,6.0
530,0,중4동,0.0,5.0
531,0,운중동,0.0,5.0
532,0,명륜3가동,0.0,5.0
533,0,신당2동,0.0,5.0
534,0,관양2동,0.0,5.0
535,0,행신1동,0.0,5.0
536,0,구미동,0.0,5.0
537,0,심곡2동,0.0,4.0
538,0,석수2동,0.0,4.0
539,0,의정부1동,0.0,4.0
540,0,이매1동,0.0,4.0
541,0,능곡동,0.0,4.0
542,0,효자동,0.0,4.0
543,0,행신2동,0.0,4.0
544,0,안양1동,0.0,4.0
545,0,지금동,0.0,4.0
546,0,고강본동,0.0,4.0
547,0,도촌동,0.0,4.0
548,0,성사1동,0.0,3.0
549,0,덕풍3동,0.0,3.0
550,0,범박동,0.0,3.0
551,0,철산1동,0.0,3.0
552,0,단대동,0.0,3.0
553,0,관산동,0.0,3.0
554,0,가능1동,0.0,3.0
555,0,심곡1동,0.0,3.0
556,0,양주1동,0.0,2.0
557,0,화전동,0.0,2.0
558,0,역곡3동,0.0,2.0
559,0,광명2동,0.0,2.0
560,0,광명3동,0.0,2.0
561,0,호계3동,0.0,2.0
562,0,인창동,0.0,2.0
563,0,원신동,0.0,2.0
